--
-- TRUNCATE All Tables
--

TRUNCATE TABLE public.usuario RESTART IDENTITY;
TRUNCATE TABLE demo.hospital RESTART IDENTITY;
TRUNCATE TABLE demo.setor RESTART IDENTITY;
TRUNCATE TABLE demo.segmento RESTART IDENTITY;
TRUNCATE TABLE demo.unidademedida RESTART IDENTITY;
TRUNCATE TABLE demo.frequencia RESTART IDENTITY;
TRUNCATE TABLE demo.medicamento RESTART IDENTITY;
TRUNCATE TABLE demo.pessoa RESTART IDENTITY;
TRUNCATE TABLE demo.nome RESTART IDENTITY;
TRUNCATE TABLE demo.exame RESTART IDENTITY;
TRUNCATE TABLE demo.prescricao, demo.outlier, demo.prescricaoagg RESTART IDENTITY;
TRUNCATE TABLE demo.motivointervencao, demo.intervencao, demo.presmed RESTART IDENTITY;

--
-- Insert Support's Tables
--

INSERT INTO public.usuario (email, senha, schema) VALUES 
						('demo', 'demo', 'demo');

INSERT INTO demo.hospital (fkhospital, nome) VALUES
						(1, 'Hospital Demonstração');

INSERT INTO demo.setor (fksetor, nome) VALUES
						(1, 'Setor Adulto 1'),
						(2, 'Setor Adulto 2'),
						(3, 'Setor Adulto 3'),
						(4, 'Setor Pediatrico 1'),
						(5, 'Setor Pediatrico 2'),
						(6, 'Setor Pediatrico 3'),
						(7, 'Setor UTI 1'),
						(8, 'Setor UTI 2'),
						(9, 'Setor UTI 3');

INSERT INTO demo.segmento (nome) VALUES
						('Segmento Adulto');

INSERT INTO demo.segmentosetor (idsegmento, fkhospital, fksetor) VALUES
								(1,1,1),
								(1,1,2),
								(1,1,3);

INSERT INTO demo.unidademedida (fkunidademedida, nome) VALUES
							(1, 'mg'),
							(2, 'mcg'),
							(3, 'mg/ml'),
							(4, 'ml'),
							(5, 'UI'),
							(6, 'Un');

INSERT INTO demo.frequencia (fkfrequencia, nome, frequenciadia) VALUES
							(1, '1x/dia', 1),
							(2, '12h/12h', 2),
							(3, '8h/8h', 3),
							(4, '6h/6h', 4),
							(6, '4h/4h', 6);

INSERT INTO demo.medicamento (fkmedicamento, nome, fkunidademedida) VALUES
						(1, 'AMPICILINA + SULBACTAM 2 g + 1 g SOL INJ', 4),
						(2, 'ALOPURINOL 100 mg CP', 1),
						(3, 'ANLODIPINO 10 mg CP', 1),
						(4, 'BISACODIL 5 mg CP', 1),
						(5, 'CETOPROFENO 100 mg SOL INJ IV', 1),
						(6, 'CLORETO DE POTASSIO 6 % (0,8 mEq/ml) SOL AQ', 4),
						(7, 'DIAZEPAM 10 mg CP', 1),
						(8, 'DICLOFENACO 50 mg CP', 1),
						(9, 'DOXAZOSINA 2 mg CP', 1),
						(10, 'ENALAPRIL 20 mg CP', 1),
						(11, 'ENOXAPARINA 60 mg/0,6 ml', 4),
						(12, 'HIDRALAZINA 50 mg CP', 1),
						(13, 'LOPERAMIDA 2 mg CP', 1),
						(14, 'MORFINA 10 mg/ml SOL ORAL', 4),
						(15, 'PARACETAMOL 500 mg CP', 1),
						(16, 'POLIMIXINA B 500.000 UI SOL INJ', 5),
						(17, 'RISPERIDONA 2 mg CP', 1),
						(18, 'SULFAMETOXAZOL + TRIMETOPRIMA 800 mg + 160 mg CP', 1),
						(19, 'TENOFOVIR 300mg + LAMIVUDINA 300mg CP', 1),
						(20, 'VARFARINA 5 mg CP', 1),
						(21, 'VITAMINAS DO COMPLEXO B CP', 6),
						(22, 'MEROPENEM 1 g/100 ml SOL INJ', 4),
						(23, 'HIOSCINA 20 mg/ml SOL INJ', 3),
						(24, 'OMEPRAZOL 20mg CP', 1),
						(25, 'LEVOFLOXACINO 100mcg CP', 2);

INSERT INTO demo.motivointervencao (tipo, nome) VALUES
								('Técnica', 'Aprazamento'),
								('Técnica', 'Apresentação'),
								('Técnica', 'Diluição Padrão'),
								('Técnica', 'Duplicidade medicamentosa'),
								('Técnica', 'Frequência SN/Obs'),
								('Técnica', 'Medicamento não padronizado'),
								('Técnica', 'Medicamento de uso próprio'),
								('Técnica', 'Via'),
								('Clínica', 'Alergia'),
								('Clínica', 'Aprazamento'),
								('Clínica', 'Diluição'),
								('Clínica', 'Dose'),
								('Clínica', 'Duplicidade Terapêutica'),
								('Clínica', 'Forma Farmacêutica'),
								('Clínica', 'Frequência'),
								('Clínica', 'Incompatibilidade'),
								('Clínica', 'Indicação Terapêutica'),
								('Clínica', 'Interação medicamentosa'),
								('Clínica', 'Orientação Farmacêutica'),
								('Clínica', 'Medicamento não padronizado - avaliação'),
								('Clínica', 'Reconciliação medicamentosa'),
								('Clínica', 'Suspensão da terapia'),
								('Clínica', 'Tempo de tratamento'),
								('Clínica', 'Via');

--
-- Insert Prescription's Tables
--

INSERT INTO demo.pessoa (fkpessoa, fkhospital, nratendimento, dtnascimento, sexo, dtinternacao, peso, cor) VALUES
					(1, 1, '1234', '2000-10-10', 'M', '2019-08-01', 75, 'B'),
					(2, 1, '2345', '2000-10-10', 'F', '2019-08-22', 75, 'N'),
					(3, 1, '3454', '1951-04-05', 'M', '2019-08-24', 75, 'B'),
					(4, 1, '4567', '1985-03-04', 'M', '2019-08-23', 75, 'N'),
					(5, 1, '5678', '1954-02-05', 'F', '2019-08-12', 67, 'B'),
					(6, 1, '6789', '1939-02-05', 'M', '2019-08-12', 97, 'P'),
					(7, 1, '7890', '1974-02-05', 'F', '2019-08-12', 70, 'N'),
					(8, 1, '8908', '1953-02-05', 'F', '2019-08-12', 77, 'B'),
					(9, 1, '9876', '1969-02-05', 'M', '2019-08-12', 90, 'B'),
					(10, 1, '8765', '1967-02-05', 'F', '2019-08-12', 100, 'B'),
					(11, 1, '7654', '1950-02-05', 'F', '2019-08-12', 100, 'B'),
					(12, 1, '7643', '1941-02-05', 'F', '2019-08-12', 100, 'B'),
					(13, 1, '6345', '1941-02-05', 'F', '2019-08-12', 100, 'B');

INSERT INTO demo.nome (fkpessoa, nome) VALUES
					(1, 'João da Silva Júnior'),
					(2, 'Maria dos Santos'),
					(3, 'Miguel de Oliveira'),
					(4, 'Eládio Gonçalves'),
					(5, 'Maria Clara Brum de Souza'),
					(6, 'Antônio Carlos dos Santos Gonçalves'),
					(7, 'Ana Paula Farias Nunes'),
					(8, 'Isadora Fagundes Bernardes'),
					(9, 'Nelson de Jesus Azambuja'),
					(10, 'Letícia Soares Vieira'),
					(11, 'Iolanda da Silva'),
					(12, 'Jordana Barreto'),
					(13, 'Julia Dias Fernandes');

INSERT INTO demo.exame (fkexame, fkpessoa, nratendimento, dtexame, tpexame, valor, unidade) VALUES
						(1, 1, '1234', '2019-10-14 18:32:22', 'CR', 0.40, 'mg/dL'),
						(4, 3, '4567', '2019-10-14 18:32:22', 'TGO', 25, 'un/L'),
						(4, 3, '4567', '2019-10-14 18:32:22', 'TGP', 42, 'un/L'),
						(4, 3, '4567', '2019-10-14 18:32:22', 'CR', 0.40, 'mg/dL'),
						(5, 4, '5678', '2019-10-14 18:32:22', 'CR', 0.40, 'mg/dL'),
						(7, 3, '7890', '2019-10-13 18:32:22', 'CR', 0.40, 'mg/dL'),
						(8, 5, '8908', '2019-10-14 18:32:22', 'CR', 0.40, 'mg/dL'),
						(9, 6, '9876', '2019-10-14 18:32:22', 'CR', 0.40, 'mg/dL'),
						(10, 7, '8765', '2019-10-14 18:32:22', 'CR', 0.40, 'mg/dL'),
						(11, 8, '7654', '2019-10-14 18:32:22', 'CR', 0.40, 'mg/dL'),
						(12, 9, '7643', '2019-10-14 18:32:22', 'CR', 0.40, 'mg/dL'),
						(13, 10, '6345', '2019-10-13 18:32:22', 'CR', 0.40, 'mg/dL');

INSERT INTO demo.prescricao (fkprescricao, fkpessoa, fkhospital, fksetor, idsegmento, dtprescricao, status) VALUES
						(1, 1, 1, 1, 1, '2019-10-14 18:32:22', 0),
						(4, 3, 1, 1, 1, '2019-10-14 18:32:22', 0),
						(5, 4, 1, 1, 1, '2019-10-14 18:32:22', 0),
						(7, 3, 1, 1, 1, '2019-10-13 18:32:22', 0),
						(8, 5, 1, 1, 1, '2019-10-14 18:32:22', 0),
						(9, 6, 1, 1, 1, '2019-10-14 18:32:22', 0),
						(10, 7, 1, 1, 1, '2019-10-14 18:32:22', 0),
						(11, 8, 1, 1, 1, '2019-10-14 18:32:22', 0),
						(12, 9, 1, 1, 1, '2019-10-14 18:32:22', 0),
						(13, 10, 1, 1, 1, '2019-10-13 18:32:22', 0),
						(14, 11, 1, 1, 1, '2019-10-13 18:32:22', 0),
						(16, 12, 1, 1, 1, '2019-10-13 18:32:22', 0),
						(17, 13, 1, 1, 1, '2019-10-13 18:32:22', 0);

INSERT INTO demo.outlier (fkmedicamento, contagem, idusuario, dose, frequenciadia, escore, escoremanual, idsegmento) VALUES
						(2,2288,NULL,100,1,0,NULL,1),
						(2,21,NULL,150,1,3,3,1),
						(2,219,NULL,200,1,1,2,1),
						(2,1219,NULL,300,1,0,NULL,1),
						(2,3,NULL,600,1,3,NULL,1),
						(2,110,NULL,100,2,2,NULL,1),
						(2,13,NULL,200,2,3,NULL,1),
						(2,823,NULL,100,3,0,NULL,1),
						(2,8,NULL,200,3,3,NULL,1),
						(2,12,NULL,300,3,3,NULL,1),
						(2,2,NULL,100,6,3,NULL,1),
						(1,22,NULL,3,1,3,NULL,1),
						(1,7,NULL,2,2,3,NULL,1),
						(1,145,NULL,3,2,3,NULL,1),
						(1,348,NULL,3,3,2,NULL,1),
						(1,6437,NULL,3,4,0,NULL,1),
						(1,14,NULL,6,4,3,NULL,1),
						(1,253,NULL,3,6,2,NULL,1),
						(3,7982,NULL,5,1,0,2,1),
						(3,523,NULL,10,1,1,0,1),
						(3,4,NULL,15,1,3,NULL,1),
						(3,1821,NULL,5,2,0,2,1),
						(3,13,NULL,10,2,3,NULL,1),
						(3,15,NULL,5,3,3,NULL,1),
						(3,6,NULL,5,4,3,NULL,1),
						(4,11,NULL,5,1,3,NULL,1),
						(4,780,NULL,10,1,0,0,1),
						(4,286,NULL,15,1,2,NULL,1),
						(4,10,NULL,20,1,3,NULL,1),
						(4,1779,NULL,5,2,0,1,1),
						(4,517,NULL,10,2,1,NULL,1),
						(4,8,NULL,15,2,3,NULL,1),
						(4,7,NULL,20,2,3,NULL,1),
						(4,8,NULL,3,3,3,NULL,1),
						(4,492,NULL,5,3,1,NULL,1),
						(4,141,NULL,10,3,2,NULL,1),
						(4,3,NULL,15,3,3,NULL,1),
						(4,1,NULL,20,3,3,NULL,1),
						(5,27,NULL,50,1,3,NULL,1),
						(5,224,NULL,100,1,2,NULL,1),
						(5,255,NULL,50,2,2,NULL,1),
						(5,9656,NULL,100,2,0,NULL,1),
						(5,5,NULL,200,2,3,NULL,1),
						(5,117,NULL,50,3,3,NULL,1),
						(5,571,NULL,100,3,1,NULL,1),
						(5,12,NULL,50,4,3,NULL,1),
						(5,37,NULL,100,4,3,NULL,1),
						(5,2,NULL,100,6,3,NULL,1),
						(5,1,NULL,100,24,3,NULL,1),
						(6,20,NULL,10,1,-1,0,1),
						(6,6,NULL,15,1,-1,NULL,1),
						(6,27,NULL,20,1,-1,NULL,1),
						(6,5,NULL,25,1,-1,NULL,1),
						(6,1,NULL,30,1,-1,NULL,1),
						(6,7,NULL,5,2,-1,NULL,1),
						(6,292,NULL,10,2,-1,NULL,1),
						(6,121,NULL,15,2,-1,NULL,1),
						(6,121,NULL,20,2,-1,NULL,1),
						(6,28,NULL,25,2,-1,NULL,1),
						(6,13,NULL,30,2,-1,NULL,1),
						(6,14,NULL,50,2,-1,NULL,1),
						(6,28,NULL,5,3,-1,NULL,1),
						(6,1,NULL,8,3,-1,NULL,1),
						(6,864,NULL,10,3,-1,NULL,1),
						(6,1112,NULL,15,3,-1,NULL,1),
						(6,1112,NULL,20,3,-1,NULL,1),
						(6,503,NULL,25,3,-1,NULL,1),
						(6,985,NULL,30,3,-1,NULL,1),
						(6,66,NULL,40,3,-1,NULL,1),
						(6,2,NULL,45,3,-1,NULL,1),
						(6,4,NULL,50,3,-1,NULL,1),
						(6,1,NULL,0,4,-1,NULL,1),
						(6,4,NULL,5,4,-1,NULL,1),
						(6,30,NULL,10,4,-1,NULL,1),
						(6,91,NULL,15,4,-1,NULL,1),
						(6,74,NULL,20,4,-1,1,1),
						(6,42,NULL,25,4,-1,NULL,1),
						(6,16,NULL,30,4,-1,NULL,1),
						(6,1,NULL,50,4,-1,NULL,1),
						(6,2,NULL,15,6,-1,NULL,1),
						(7,28,NULL,5,1,3,NULL,1),
						(7,7272,NULL,10,1,0,NULL,1),
						(7,74,NULL,15,1,2,NULL,1),
						(7,33,NULL,20,1,3,NULL,1),
						(7,11,NULL,5,2,3,NULL,1),
						(7,661,NULL,10,2,0,NULL,1),
						(7,1,NULL,20,2,3,NULL,1),
						(7,3,NULL,5,3,3,NULL,1),
						(7,496,NULL,10,3,0,NULL,1),
						(7,5,NULL,15,3,3,NULL,1),
						(7,10,NULL,20,3,3,NULL,1),
						(7,3,NULL,40,3,3,NULL,1),
						(7,2,NULL,5,4,3,NULL,1),
						(7,263,NULL,10,4,1,NULL,1),
						(7,1,NULL,15,4,3,NULL,1),
						(7,20,NULL,20,4,3,NULL,1),
						(7,118,NULL,10,6,2,NULL,1),
						(7,17,NULL,20,6,3,NULL,1),
						(7,5,NULL,10,8,3,NULL,1),
						(7,2,NULL,40,12,3,NULL,1),
						(7,2,NULL,50,12,3,NULL,1),
						(7,3,NULL,60,12,3,NULL,1),
						(8,30,NULL,50,1,3,2,1),
						(8,3,NULL,100,1,3,NULL,1),
						(8,160,NULL,50,2,2,NULL,1),
						(8,2,NULL,100,2,3,NULL,1),
						(8,5268,NULL,50,3,0,NULL,1),
						(8,14,NULL,100,3,3,NULL,1),
						(8,82,NULL,50,4,3,NULL,1),
						(9,379,NULL,1,1,1,NULL,1),
						(9,2698,NULL,2,1,0,NULL,1),
						(9,1,NULL,3,1,3,NULL,1),
						(9,3076,NULL,4,1,0,NULL,1),
						(9,39,NULL,6,1,3,NULL,1),
						(9,19,NULL,16,1,3,NULL,1),
						(9,7,NULL,1,2,3,NULL,1),
						(9,53,NULL,2,2,3,NULL,1),
						(9,8,NULL,4,2,3,NULL,1),
						(10,1,NULL,10,1,3,2,1),
						(10,219,NULL,20,1,2,0,1),
						(10,4,NULL,40,1,3,NULL,1),
						(10,100,NULL,10,2,3,NULL,1),
						(10,9183,NULL,20,2,0,0,1),
						(10,58,NULL,40,2,3,1,1),
						(10,18,NULL,20,3,3,NULL,1),
						(11,1,NULL,30,1,3,NULL,1),
						(11,3,NULL,40,1,3,NULL,1),
						(11,1,NULL,50,1,3,NULL,1),
						(11,776,NULL,60,1,0,NULL,1),
						(11,2,NULL,100,1,3,NULL,1),
						(11,43,NULL,120,1,3,NULL,1),
						(11,12,NULL,40,2,3,NULL,1),
						(11,31,NULL,50,2,3,NULL,1),
						(11,6734,NULL,60,2,0,NULL,1),
						(11,1,NULL,64,2,3,NULL,1),
						(11,1,NULL,65,2,3,NULL,1),
						(11,10,NULL,70,2,3,NULL,1),
						(11,13,NULL,80,2,3,NULL,1),
						(11,1,NULL,90,2,3,NULL,1),
						(11,7,NULL,100,2,3,NULL,1),
						(11,30,NULL,120,2,3,NULL,1),
						(12,21,NULL,50,1,3,NULL,1),
						(12,2,NULL,25,2,3,NULL,1),
						(12,491,NULL,50,2,0,NULL,1),
						(12,30,NULL,100,2,3,NULL,1),
						(12,37,NULL,25,3,3,NULL,1),
						(12,3309,NULL,50,3,0,NULL,1),
						(12,86,NULL,75,3,2,NULL,1),
						(12,607,NULL,100,3,0,NULL,1),
						(12,13,NULL,150,3,3,NULL,1),
						(12,5,NULL,200,3,3,NULL,1),
						(12,34,NULL,25,4,3,NULL,1),
						(12,1186,NULL,50,4,0,NULL,1),
						(12,31,NULL,75,4,3,NULL,1),
						(12,196,NULL,100,4,2,NULL,1),
						(12,8,NULL,50,6,3,NULL,1),
						(13,1,NULL,1,1,3,NULL,1),
						(13,294,NULL,2,1,0,NULL,1),
						(13,35,NULL,4,1,3,NULL,1),
						(13,805,NULL,2,2,0,NULL,1),
						(13,187,NULL,4,2,1,NULL,1),
						(13,3,NULL,8,2,3,NULL,1),
						(13,1272,NULL,2,3,0,NULL,1),
						(13,495,NULL,4,3,0,NULL,1),
						(13,9,NULL,8,3,3,NULL,1),
						(13,707,NULL,2,4,0,NULL,1),
						(13,762,NULL,4,4,0,NULL,1),
						(13,53,NULL,6,4,2,NULL,1),
						(13,251,NULL,8,4,1,NULL,1),
						(13,15,NULL,2,5,3,NULL,1),
						(13,52,NULL,2,6,3,NULL,1),
						(13,16,NULL,4,6,3,NULL,1),
						(14,25,NULL,10,1,-1,NULL,1),
						(14,7,NULL,14,1,-1,NULL,1),
						(14,15,NULL,15,1,-1,NULL,1),
						(14,9,NULL,16,1,-1,NULL,1),
						(14,2,NULL,17,1,-1,NULL,1),
						(14,1,NULL,18,1,-1,NULL,1),
						(14,11,NULL,20,1,-1,NULL,1),
						(14,13,NULL,32,1,-1,NULL,1),
						(14,2,NULL,5,2,-1,NULL,1),
						(14,10,NULL,10,2,-1,NULL,1),
						(14,1,NULL,14,2,-1,NULL,1),
						(14,1,NULL,15,2,-1,NULL,1),
						(14,20,NULL,16,2,-1,NULL,1),
						(14,18,NULL,32,2,-1,NULL,1),
						(14,20,NULL,36,2,-1,NULL,1),
						(14,4,NULL,5,3,-1,NULL,1),
						(14,68,NULL,10,3,-1,NULL,1),
						(14,7,NULL,15,3,-1,NULL,1),
						(14,12,NULL,16,3,-1,NULL,1),
						(14,1,NULL,19,3,-1,NULL,1),
						(14,3,NULL,20,3,-1,NULL,1),
						(14,3,NULL,25,3,-1,NULL,1),
						(14,8,NULL,30,3,-1,NULL,1),
						(14,14,NULL,32,3,-1,NULL,1),
						(14,7,NULL,96,3,-1,NULL,1),
						(14,15,NULL,5,4,-1,NULL,1),
						(14,8,NULL,8,4,-1,NULL,1),
						(14,163,NULL,10,4,-1,NULL,1),
						(14,11,NULL,12,4,-1,NULL,1),
						(14,4,NULL,13,4,-1,NULL,1),
						(14,4,NULL,14,4,-1,NULL,1),
						(14,62,NULL,15,4,-1,NULL,1),
						(14,62,NULL,16,4,-1,NULL,1),
						(14,1,NULL,18,4,-1,NULL,1),
						(14,271,NULL,20,4,-1,NULL,1),
						(14,1,NULL,24,4,-1,NULL,1),
						(14,6,NULL,25,4,-1,NULL,1),
						(14,3,NULL,28,4,-1,NULL,1),
						(14,42,NULL,30,4,-1,NULL,1),
						(14,38,NULL,32,4,-1,NULL,1),
						(14,24,NULL,40,4,-1,NULL,1),
						(14,6,NULL,45,4,-1,NULL,1),
						(14,1,NULL,50,4,-1,NULL,1),
						(14,5,NULL,80,4,-1,NULL,1),
						(14,6,NULL,10,5,-1,NULL,1),
						(14,2,NULL,3,6,-1,NULL,1),
						(14,7,NULL,5,6,-1,NULL,1),
						(14,37,NULL,8,6,-1,NULL,1),
						(14,746,NULL,10,6,-1,NULL,1),
						(14,9,NULL,12,6,-1,NULL,1),
						(14,1,NULL,13,6,-1,NULL,1),
						(14,4,NULL,14,6,-1,NULL,1),
						(14,288,NULL,15,6,-1,NULL,1),
						(14,335,NULL,16,6,-1,NULL,1),
						(14,17,NULL,18,6,-1,NULL,1),
						(14,715,NULL,20,6,-1,NULL,1),
						(14,3,NULL,22,6,-1,NULL,1),
						(14,1,NULL,23,6,-1,NULL,1),
						(14,4,NULL,24,6,-1,NULL,1),
						(14,239,NULL,25,6,-1,NULL,1),
						(14,9,NULL,26,6,-1,NULL,1),
						(14,18,NULL,28,6,-1,NULL,1),
						(14,2,NULL,29,6,-1,NULL,1),
						(14,273,NULL,30,6,-1,NULL,1),
						(14,487,NULL,32,6,-1,NULL,1),
						(14,1,NULL,34,6,-1,NULL,1),
						(14,60,NULL,35,6,-1,NULL,1),
						(14,4,NULL,36,6,-1,NULL,1),
						(14,24,NULL,38,6,-1,NULL,1),
						(14,300,NULL,40,6,-1,NULL,1),
						(14,1,NULL,42,6,-1,NULL,1),
						(14,12,NULL,44,6,-1,NULL,1),
						(14,93,NULL,45,6,-1,NULL,1),
						(14,2,NULL,46,6,-1,NULL,1),
						(14,77,NULL,48,6,-1,NULL,1),
						(14,138,NULL,50,6,-1,NULL,1),
						(14,22,NULL,52,6,-1,NULL,1),
						(14,19,NULL,55,6,-1,NULL,1),
						(14,2,NULL,57,6,-1,NULL,1),
						(14,4,NULL,58,6,-1,NULL,1),
						(14,36,NULL,60,6,-1,NULL,1),
						(14,57,NULL,64,6,-1,NULL,1),
						(14,7,NULL,65,6,-1,NULL,1),
						(14,18,NULL,68,6,-1,NULL,1),
						(14,13,NULL,70,6,-1,NULL,1),
						(14,5,NULL,72,6,-1,NULL,1),
						(14,1,NULL,74,6,-1,NULL,1),
						(14,2,NULL,77,6,-1,NULL,1),
						(14,33,NULL,80,6,-1,NULL,1),
						(14,15,NULL,90,6,-1,NULL,1),
						(14,1,NULL,95,6,-1,NULL,1),
						(14,44,NULL,96,6,-1,NULL,1),
						(14,1,NULL,97,6,-1,NULL,1),
						(14,7,NULL,100,6,-1,NULL,1),
						(14,1,NULL,105,6,-1,NULL,1),
						(14,13,NULL,110,6,-1,NULL,1),
						(14,2,NULL,112,6,-1,NULL,1),
						(14,5,NULL,115,6,-1,NULL,1),
						(14,9,NULL,118,6,-1,NULL,1),
						(14,10,NULL,128,6,-1,NULL,1),
						(14,16,NULL,144,6,-1,NULL,1),
						(14,14,NULL,150,6,-1,NULL,1),
						(14,1,NULL,166,6,-1,NULL,1),
						(14,6,NULL,175,6,-1,NULL,1),
						(14,1,NULL,180,6,-1,NULL,1),
						(14,2,NULL,200,6,-1,NULL,1),
						(14,6,NULL,224,6,-1,NULL,1),
						(14,2,NULL,256,6,-1,NULL,1),
						(14,2,NULL,288,6,-1,NULL,1),
						(14,3,NULL,320,6,-1,NULL,1),
						(14,6,NULL,380,6,-1,NULL,1),
						(14,7,NULL,400,6,-1,NULL,1),
						(14,6,NULL,16,8,-1,NULL,1),
						(14,5,NULL,20,8,-1,NULL,1),
						(14,1,NULL,25,8,-1,NULL,1),
						(14,1,NULL,30,8,-1,NULL,1),
						(14,3,NULL,32,8,-1,NULL,1),
						(14,2,NULL,40,8,-1,NULL,1),
						(14,1,NULL,60,8,-1,NULL,1),
						(14,10,NULL,15,12,-1,NULL,1),
						(14,6,NULL,40,12,-1,NULL,1),
						(14,1,NULL,50,12,-1,NULL,1),
						(14,1,NULL,80,12,-1,NULL,1),
						(14,2,NULL,16,24,-1,NULL,1),
						(14,3,NULL,32,24,-1,NULL,1),
						(14,2,NULL,50,24,-1,NULL,1),
						(14,1,NULL,67,24,-1,NULL,1),
						(15,3515,NULL,1000,4,0,NULL,1),
						(15,1239,NULL,500,4,0,NULL,1),
						(15,9,NULL,1000,6,3,NULL,1),
						(16,5,NULL,1000000,1,3,NULL,1),
						(16,1,NULL,1500,1,3,NULL,1),
						(16,1,NULL,2000,1,3,NULL,1),
						(16,14,NULL,250000,1,3,NULL,1),
						(16,48,NULL,500000,1,2,NULL,1),
						(16,4,NULL,700000,1,3,NULL,1),
						(16,15,NULL,750000,1,3,NULL,1),
						(16,1,NULL,1200000,1,3,NULL,1),
						(16,4,NULL,1250000,1,3,NULL,1),
						(16,58,NULL,1500000,1,2,NULL,1),
						(16,1,NULL,1650000,1,3,NULL,1),
						(16,1,NULL,1700000,1,3,NULL,1),
						(16,27,NULL,1750000,1,2,NULL,1),
						(16,55,NULL,2000000,1,2,NULL,1),
						(16,2,NULL,2250000,1,3,NULL,1),
						(16,2,NULL,2500000,1,3,NULL,1),
						(16,1,NULL,500,2,3,NULL,1),
						(16,4,NULL,600,2,3,NULL,1),
						(16,3,NULL,700,2,3,NULL,1),
						(16,1,NULL,120000,2,3,NULL,1),
						(16,1,NULL,250000,2,3,NULL,1),
						(16,1,NULL,300000,2,3,NULL,1),
						(16,6,NULL,375000,2,3,NULL,1),
						(16,30,NULL,400000,2,2,NULL,1),
						(16,4,NULL,430000,2,3,NULL,1),
						(16,766,NULL,500000,2,0,NULL,1),
						(16,7,NULL,625000,2,3,NULL,1),
						(16,9,NULL,650000,2,3,NULL,1),
						(16,1705,NULL,750000,2,0,NULL,1),
						(16,5,NULL,800000,2,3,NULL,1),
						(16,12,NULL,875000,2,3,NULL,1),
						(16,28,NULL,900000,2,2,NULL,1),
						(16,3936,NULL,1000000,2,0,NULL,1),
						(16,40,NULL,1200000,2,2,NULL,1),
						(16,101,NULL,1250000,2,1,NULL,1),
						(16,10,NULL,1350000,2,3,NULL,1),
						(16,247,NULL,1500000,2,0,NULL,1),
						(16,2,NULL,1600000,2,3,NULL,1),
						(16,3,NULL,1750000,2,3,NULL,1),
						(16,8,NULL,1800000,2,3,NULL,1),
						(16,18,NULL,2000000,2,3,NULL,1),
						(16,4,NULL,2500000,2,3,NULL,1),
						(16,1,NULL,15000000,2,3,NULL,1),
						(16,4,NULL,500000,3,3,NULL,1),
						(16,5,NULL,250000,4,3,NULL,1),
						(16,1,NULL,300000,4,3,NULL,1),
						(16,1,NULL,1000000,4,3,NULL,1),
						(17,43,NULL,1,1,3,NULL,1),
						(17,1960,NULL,2,1,0,NULL,1),
						(17,157,NULL,3,1,2,NULL,1),
						(17,468,NULL,4,1,0,NULL,1),
						(17,11,NULL,5,1,3,NULL,1),
						(17,268,NULL,6,1,1,NULL,1),
						(17,420,NULL,1,2,0,NULL,1),
						(17,532,NULL,2,2,0,NULL,1),
						(17,45,NULL,3,2,3,NULL,1),
						(17,47,NULL,4,2,3,NULL,1),
						(17,12,NULL,10,2,3,NULL,1),
						(17,10,NULL,1,3,3,NULL,1),
						(17,79,NULL,2,3,2,NULL,1),
						(18,15,NULL,960,0,3,NULL,1),
						(18,6320,NULL,960,1,0,NULL,1),
						(18,24,NULL,1920,1,3,NULL,1),
						(18,19,NULL,480,2,3,NULL,1),
						(18,482,NULL,960,2,0,NULL,1),
						(18,35,NULL,1920,2,3,NULL,1),
						(18,53,NULL,960,3,3,NULL,1),
						(18,67,NULL,1920,3,3,NULL,1),
						(18,11,NULL,960,4,3,NULL,1),
						(18,1,NULL,1200,4,3,NULL,1),
						(18,49,NULL,1920,4,3,NULL,1),
						(18,5,NULL,2880,4,3,NULL,1),
						(19,5,NULL,1,0,3,NULL,1),
						(19,4456,NULL,1,1,0,NULL,1),
						(19,5,NULL,1,2,3,NULL,1),
						(20,5,NULL,2,1,3,NULL,1),
						(20,1155,NULL,3,1,0,3,1),
						(20,3819,NULL,5,1,0,NULL,1),
						(20,330,NULL,8,1,1,3,1),
						(20,970,NULL,10,1,0,1,1),
						(20,18,NULL,13,1,3,NULL,1),
						(20,88,NULL,15,1,3,NULL,1),
						(20,15,NULL,20,1,3,NULL,1),
						(20,6,NULL,60,1,3,NULL,1),
						(21,913,NULL,1,1,0,NULL,1),
						(21,170,NULL,2,1,3,NULL,1),
						(21,1152,NULL,1,2,0,NULL,1),
						(21,92,NULL,2,2,3,NULL,1),
						(21,3346,NULL,1,3,0,NULL,1),
						(21,93,NULL,2,3,3,NULL,1),
						(22,10791,1,2000,3,0,0,1),
						(22,1615,1,1000,3,0,0,1),
						(22,575,1,1000,2,0,1,1),
						(22,505,1,2000,2,0,1,1),
						(22,306,1,500,1,1,2,1),
						(22,162,1,500,2,1,2,1),
						(22,160,1,1000,1,2,2,1),
						(22,114,1,3000,3,3,3,1),
						(22,105,1,500,3,3,3,1),
						(22,41,1,1500,3,3,3,1),
						(22,38,1,2000,4,3,3,1),
						(22,34,1,2000,1,3,2,1),
						(23,18231,1,20,4,0,0,1),
						(23,2932,1,20,3,0,0,1),
						(23,328,1,40,4,2,3,1),
						(23,294,1,20,6,2,3,1),
						(23,59,1,20,2,1,0,1),
						(23,57,1,20,1,0,0,1),
						(23,48,1,40,3,2,NULL,1),
						(23,46,1,30,4,2,NULL,1),
						(23,31,1,40,6,3,NULL,1),
						(23,10,1,40,1,0,0,1),
						(23,8,1,10,3,2,NULL,1),
						(24,250,1,20,1,0,0,1),
						(25,250,1,88,1,3,NULL,1);

INSERT INTO demo.prescricaoagg (fkhospital, fksetor, idsegmento, fkmedicamento, dose, frequenciadia, contagem) 
			SELECT 1, 1, 1, fkmedicamento, dose, frequenciadia, contagem FROM demo.outlier;

INSERT INTO demo.presmed (fkhospital, fksetor, fkprescricao, fkmedicamento, dose, fkunidademedida, frequenciadia, via, complemento) VALUES
						(1, 1, 1, 2, 100, 1, 1, NULL, NULL),
						(1, 1, 4, 7, 5, 1, 3, 1, NULL),
						(1, 1, 4, 17, 10, 1, 2, 1, NULL),
						(1, 1, 5, 2, 100, 1, 1, 1, NULL),
						(1, 1, 5, 3, 5, 1, 1, 1, NULL),
						(1, 1, 5, 10, 40, 1, 1, 1, NULL),
						(1, 1, 7, 7, 5, 1, 3, 1, NULL),
						(1, 1, 7, 17, 10, 1, 2, 1, NULL),
						(1, 1, 8, 10, 20, 1, 2, 1, NULL),
						(1, 1, 8, 15, 1000, 1, 4, 1, NULL),
						(1, 1, 8, 25, 88, 1, 1, 1, NULL),
						(1, 1, 9, 3, 10, 1, 1, 1, NULL),
						(1, 1, 9, 15, 500, 1, 4, 1, NULL),
						(1, 1, 9, 23, 20, 1, 4, 2, NULL),
						(1, 1, 9, 24, 20, 1, 1, 1, NULL),
						(1, 1, 10, 7, 10, 1, 1, 1, NULL),
						(1, 1, 10, 15, 500, 1, 4, 1, NULL),
						(1, 1, 10, 22, 2000, 1, 3, 2, NULL),
						(1, 1, 11, 15, 1000, 1, 4, 1, NULL),
						(1, 1, 11, 22, 2000, 1, 1, 2, NULL),
						(1, 1, 11, 23, 20, 1, 6, 2, NULL),
						(1, 1, 12, 12, 25, 1, 3, 1, NULL),
						(1, 1, 12, 15, 500, 1, 4, 1, NULL),
						(1, 1, 12, 20, 5, 1, 1, 1, NULL),
						(1, 1, 13, 5, 200, 1, 2, 2, NULL),
						(1, 1, 13, 14, 32, 1, 6, 3, NULL),
						(1, 1, 13, 15, 500, 1, 4, 3, NULL),
						(1, 1, 14, 10, 40, 1, 2, 1, NULL),
						(1, 1, 14, 15, 500, 1, 4, 1, NULL),
						(1, 1, 14, 22, 2000, 1, 4, 2, NULL),
						(1, 1, 16, 4, 5, 1, 2, 1, NULL),
						(1, 1, 16, 15, 1000, 1, 6, 1, NULL),
						(1, 1, 16, 20, 20, 1, 1, 1, NULL),
						(1, 1, 17, 1, 3, 1, 4, 2, NULL),
						(1, 1, 17, 15, 500, 1, 4, 3, NULL),
						(1, 1, 17, 24, 20, 1, 1, 3, NULL);

UPDATE demo.presmed p
	SET fkfrequencia = (SELECT f.fkfrequencia from demo.frequencia f WHERE f.frequenciadia = p.frequenciadia );

INSERT INTO demo.intervencao (idpresmed, idusuario, idmotivointervencao, boolpropaga, observacao) VALUES
	(4, 1, 2, 'N', '<p><strong>Existe </strong><em>apresenta&ccedil;&atilde;o adequada</em> de <strong>50mg</strong></p>'),
	(18, 1, 3, 'N', 'Possivel erro de via. Trocar para EV'),
	(14, 1, 2, 'N', 'Frequência potencialmente inadequada para paciente obeso.'),
	(6, 1, 2, 'S', '<p>Temos dispon&iacute;vel apresenta&ccedil;&atilde;o de ENALAPRIL 5 mg mais adequada para a dose prescrita.</p><p>Att, Farm...</p><p>Ramal...</p>'),
	(9, 1, 2, 'N', '<p>Temos dispon&iacute;vel DIAZEPAM 5mg, mais adequado para a dose prescrita.</p><p>Att, Farm...</p><p>Ramal...</p>'),
	(2, 1, 2, 'N', '<p>Temos dispon&iacute;vel DIAZEPAM 5mg, mais adequado para a dose prescrita.</p><p>Att, Farm...</p><p>Ramal...</p>'),
	(5, 1, 2, 'N', '<p>Temos dispon&iacute;vel apresenta&ccedil;&atilde;o de ANLODIPINO 5 mg mais adequada para a dose prescrita.</p><p>Att, Farm...</p><p>Ramal...</p>'),
	(24, 1, 2, 'S', '<p>Temos dispon&iacute;vel apresenta&ccedil;&atilde;o da HIDRALAZINA 25mg, mais adequado para a dose prescrita.</p><p>Att, Farm...</p><p>Ramal..</p><p>&nbsp;</p>'),
	(13, 1, 12, 'N', '<p>N&atilde;o temos dispon&iacute;vel apresenta&ccedil;&atilde;o com essa dose dispon&iacute;vel, portanto n&atilde;o ser&aacute; administrada de forma precisa. Avaliar apresenta&ccedil;&otilde;es dispon&iacute;veis mais adequadas.</p><p>Att, Farm...</p><p>Ramal...</p>'),
	(3, 1, 12, 'N', '<p>Sugiro revisar dose da RISPERIDONA.</p><p>Doses acima de 10 mg/dia n&atilde;o se mostraram superiores em efic&aacute;cia em rela&ccedil;&atilde;o a doses mais baixas, e podem provocar mais sintomas extrapiramidais.</p><p>Att, Farm. ....</p><p>Ramal...</p>'),
	(10, 1, 12, 'N', '<p>Sugiro revisar dose da RISPERIDONA.</p><p>Doses acima de 10 mg/dia n&atilde;o se mostraram superiores em efic&aacute;cia em rela&ccedil;&atilde;o a doses mais baixas, e podem provocar mais sintomas extrapiramidais.</p><p>Att, Farm. ....</p><p>Ramal...</p>'),
	(35, 1, 12, 'N', '<p>Medicamento de alta vigil&acirc;ncia - VARFARINA - com dose acima da usual.</p><p>Favor revisar.</p><p>Att, Farm...</p><p>Ramal...</p>'),
	(34, 1, 12, 'N', '<p>A dose m&aacute;xima di&aacute;ria do PARACETAMOL &eacute; de 4g.</p><p>Favor rever frequ&ecirc;ncia (frequ&ecirc;ncia usual 6/6h)</p><p>Att, Farm...</p><p>Ramal...</p>'),
	(23, 1, 15, 'N', '<p>A dose m&aacute;xima di&aacute;ria da HIOSCINA &eacute; de 100mg.</p><p>Frequ&ecirc;ncia usual &eacute; 6/6h.</p><p>Favor rever frequ&ecirc;ncia.</p><p>Att, Farm...</p><p>Ramal...</p>');